id,name,DOB
1,Chrysler Entreis,2025-12-16
2,Lesley Corrin,2025-10-07
3,Leora Pennoni,2026-04-26
4,Mady Gerhardt,2025-12-18
5,Betti Wormleighton,2025-06-12
6,Clemmie Brunstan,2025-12-16
7,Wylie Bonnell,2025-05-08
8,Valene Hurton,2025-09-12
9,Royall Flecknell,2025-08-03
10,Emlyn Murrthum,2025-12-31
11,Leoline Hitscher,2026-02-19
12,Harland Tolemache,2026-01-05
13,Evangelia Kinkead,2026-01-02
14,Darrick Cheyenne,2025-09-14
15,Bernete Crowne,2026-04-21
16,Michail Crudgington,2025-06-04
17,Mandie Janning,2026-02-02
18,Jsandye Bumpus,2025-08-10
19,Tansy Gammage,2025-11-27
20,Hailey Elvidge,2025-07-24
21,Trixie MacGillicuddy,2025-07-16
22,Gussie McVee,2025-09-20
23,Benedikta Pinnion,2026-03-13
24,Kiel Pardy,2025-10-02
25,Bron Poncet,2025-09-27
26,Parnell Bambery,2025-05-30
27,Claudius O'Hannen,2026-02-25
28,Chloris Fancott,2025-05-19
29,Rabbi Hamsson,2026-02-28
30,Gothart Suerz,2025-10-23
31,May Muddle,2025-11-06
32,Marijo Lygo,2025-06-16
33,Sander Antonioni,2026-02-28
34,Griswold Caines,2025-07-31
35,Noell Entreis,2025-06-28
36,Alexis Tidridge,2025-06-16
37,Hatti Sheryn,2025-05-04
38,Verge Pherps,2025-06-21
39,Sandie de Juares,2026-03-01
40,Lilla Busswell,2026-02-24
